soundfile, class
notes/Note_0.wav,note
notes/Note_1.wav,note
notes/Note_2.wav,note
notes/Note_3.wav,note
notes/Note_4.wav,note
notes/Note_5.wav,note
notes/Note_6.wav,note
notes/Note_7.wav,note
notes/Note_8.wav,note
notes/Note_9.wav,note
notes/Note_10.wav,note
notes/Note_11.wav,note
notes/Note_12.wav,note
notes/Note_13.wav,note
notes/Note_14.wav,note
notes/Note_15.wav,note
notes/Note_16.wav,note
notes/Note_17.wav,note
notes/Note_18.wav,note
notes/Note_19.wav,note
notes/Note_20.wav,note
notes/Note_21.wav,note
notes/Note_22.wav,note
notes/Note_23.wav,note
notes/Note_24.wav,note
notes/Note_25.wav,note
notes/Note_26.wav,note
notes/Note_27.wav,note
notes/Note_28.wav,note
notes/Note_29.wav,note
notes/Note_30.wav,note
notes/Note_31.wav,note
notes/Note_32.wav,note
notes/Note_33.wav,note
notes/Note_34.wav,note
notes/Note_35.wav,note
notes/Note_36.wav,note
notes/Note_37.wav,note
notes/Note_38.wav,note
notes/Note_39.wav,note
notes/Note_40.wav,note
notes/Note_41.wav,note
notes/Note_42.wav,note
notes/Note_43.wav,note
notes/Note_44.wav,note
notes/Note_45.wav,note
notes/Note_46.wav,note
notes/Note_47.wav,note
notes/Note_48.wav,note
notes/Note_49.wav,note
notes/Note_50.wav,note
notes/Note_51.wav,note
notes/Note_52.wav,note
notes/Note_53.wav,note
notes/Note_54.wav,note
notes/Note_55.wav,note
notes/Note_56.wav,note
notes/Note_57.wav,note
notes/Note_58.wav,note
notes/Note_59.wav,note
notes/Note_60.wav,note
notes/Note_61.wav,note
notes/Note_62.wav,note
notes/Note_63.wav,note
notes/Note_64.wav,note
notes/Note_65.wav,note
notes/Note_66.wav,note
notes/Note_67.wav,note
notes/Note_68.wav,note
notes/Note_69.wav,note
notes/Note_70.wav,note
notes/Note_71.wav,note
notes/Note_72.wav,note
notes/Note_73.wav,note
notes/Note_74.wav,note
notes/Note_75.wav,note
notes/Note_76.wav,note
notes/Note_77.wav,note
notes/Note_78.wav,note
notes/Note_79.wav,note
notes/Note_80.wav,note
notes/Note_81.wav,note
notes/Note_82.wav,note
notes/Note_83.wav,note
notes/Note_84.wav,note
notes/Note_85.wav,note
notes/Note_86.wav,note
notes/Note_87.wav,note
notes/Note_88.wav,note
notes/Note_89.wav,note
notes/Note_90.wav,note
notes/Note_91.wav,note
notes/Note_92.wav,note
notes/Note_93.wav,note
notes/Note_94.wav,note
notes/Note_95.wav,note
notes/Note_96.wav,note
notes/Note_97.wav,note
notes/Note_98.wav,note
notes/Note_99.wav,note
notes/Note_100.wav,note
notes/Note_101.wav,note
notes/Note_102.wav,note
notes/Note_103.wav,note
notes/Note_104.wav,note
notes/Note_105.wav,note
notes/Note_106.wav,note
notes/Note_107.wav,note
notes/Note_108.wav,note
notes/Note_109.wav,note
notes/Note_110.wav,note
notes/Note_111.wav,note
notes/Note_112.wav,note
notes/Note_113.wav,note
notes/Note_114.wav,note
notes/Note_115.wav,note
notes/Note_116.wav,note
notes/Note_117.wav,note
notes/Note_118.wav,note
notes/Note_119.wav,note
notes/Note_120.wav,note
notes/Note_121.wav,note
notes/Note_122.wav,note
notes/Note_123.wav,note
notes/Note_124.wav,note
notes/Note_125.wav,note
notes/Note_126.wav,note
notes/Note_127.wav,note
notes/Note_128.wav,note
notes/Note_129.wav,note
notes/Note_130.wav,note
notes/Note_131.wav,note
notes/Note_132.wav,note
notes/Note_133.wav,note
notes/Note_134.wav,note
notes/Note_135.wav,note
notes/Note_136.wav,note
notes/Note_137.wav,note
notes/Note_138.wav,note
notes/Note_139.wav,note
notes/Note_140.wav,note
notes/Note_141.wav,note
notes/Note_142.wav,note
notes/Note_143.wav,note
notes/Note_144.wav,note
notes/Note_145.wav,note
notes/Note_146.wav,note
notes/Note_147.wav,note
notes/Note_148.wav,note
notes/Note_149.wav,note
notes/Note_150.wav,note
notes/Note_151.wav,note
notes/Note_152.wav,note
notes/Note_153.wav,note
notes/Note_154.wav,note
notes/Note_155.wav,note
notes/Note_156.wav,note
notes/Note_157.wav,note
notes/Note_158.wav,note
notes/Note_159.wav,note
notes/Note_160.wav,note
notes/Note_161.wav,note
notes/Note_162.wav,note
notes/Note_163.wav,note
notes/Note_164.wav,note
notes/Note_165.wav,note
notes/Note_166.wav,note
notes/Note_167.wav,note
notes/Note_168.wav,note
notes/Note_169.wav,note
notes/Note_170.wav,note
notes/Note_171.wav,note
notes/Note_172.wav,note
notes/Note_173.wav,note
notes/Note_174.wav,note
notes/Note_175.wav,note
notes/Note_176.wav,note
notes/Note_177.wav,note
notes/Note_178.wav,note
notes/Note_179.wav,note
notes/Note_180.wav,note
notes/Note_181.wav,note
notes/Note_182.wav,note
notes/Note_183.wav,note
notes/Note_184.wav,note
notes/Note_185.wav,note
notes/Note_186.wav,note
notes/Note_187.wav,note
notes/Note_188.wav,note
notes/Note_189.wav,note
notes/Note_190.wav,note
notes/Note_191.wav,note
notes/Note_192.wav,note
notes/Note_193.wav,note
notes/Note_194.wav,note
notes/Note_195.wav,note
notes/Note_196.wav,note
notes/Note_197.wav,note
notes/Note_198.wav,note
notes/Note_199.wav,note
major/MajorChord_0.wav,major
major/MajorChord_1.wav,major
major/MajorChord_2.wav,major
major/MajorChord_3.wav,major
major/MajorChord_4.wav,major
major/MajorChord_5.wav,major
major/MajorChord_6.wav,major
major/MajorChord_7.wav,major
major/MajorChord_8.wav,major
major/MajorChord_9.wav,major
major/MajorChord_10.wav,major
major/MajorChord_11.wav,major
major/MajorChord_12.wav,major
major/MajorChord_13.wav,major
major/MajorChord_14.wav,major
major/MajorChord_15.wav,major
major/MajorChord_16.wav,major
major/MajorChord_17.wav,major
major/MajorChord_18.wav,major
major/MajorChord_19.wav,major
major/MajorChord_20.wav,major
major/MajorChord_21.wav,major
major/MajorChord_22.wav,major
major/MajorChord_23.wav,major
major/MajorChord_24.wav,major
major/MajorChord_25.wav,major
major/MajorChord_26.wav,major
major/MajorChord_27.wav,major
major/MajorChord_28.wav,major
major/MajorChord_29.wav,major
major/MajorChord_30.wav,major
major/MajorChord_31.wav,major
major/MajorChord_32.wav,major
major/MajorChord_33.wav,major
major/MajorChord_34.wav,major
major/MajorChord_35.wav,major
major/MajorChord_36.wav,major
major/MajorChord_37.wav,major
major/MajorChord_38.wav,major
major/MajorChord_39.wav,major
major/MajorChord_40.wav,major
major/MajorChord_41.wav,major
major/MajorChord_42.wav,major
major/MajorChord_43.wav,major
major/MajorChord_44.wav,major
major/MajorChord_45.wav,major
major/MajorChord_46.wav,major
major/MajorChord_47.wav,major
major/MajorChord_48.wav,major
major/MajorChord_49.wav,major
major/MajorChord_50.wav,major
major/MajorChord_51.wav,major
major/MajorChord_52.wav,major
major/MajorChord_53.wav,major
major/MajorChord_54.wav,major
major/MajorChord_55.wav,major
major/MajorChord_56.wav,major
major/MajorChord_57.wav,major
major/MajorChord_58.wav,major
major/MajorChord_59.wav,major
major/MajorChord_60.wav,major
major/MajorChord_61.wav,major
major/MajorChord_62.wav,major
major/MajorChord_63.wav,major
major/MajorChord_64.wav,major
major/MajorChord_65.wav,major
major/MajorChord_66.wav,major
major/MajorChord_67.wav,major
major/MajorChord_68.wav,major
major/MajorChord_69.wav,major
major/MajorChord_70.wav,major
major/MajorChord_71.wav,major
major/MajorChord_72.wav,major
major/MajorChord_73.wav,major
major/MajorChord_74.wav,major
major/MajorChord_75.wav,major
major/MajorChord_76.wav,major
major/MajorChord_77.wav,major
major/MajorChord_78.wav,major
major/MajorChord_79.wav,major
major/MajorChord_80.wav,major
major/MajorChord_81.wav,major
major/MajorChord_82.wav,major
major/MajorChord_83.wav,major
major/MajorChord_84.wav,major
major/MajorChord_85.wav,major
major/MajorChord_86.wav,major
major/MajorChord_87.wav,major
major/MajorChord_88.wav,major
major/MajorChord_89.wav,major
major/MajorChord_90.wav,major
major/MajorChord_91.wav,major
major/MajorChord_92.wav,major
major/MajorChord_93.wav,major
major/MajorChord_94.wav,major
major/MajorChord_95.wav,major
major/MajorChord_96.wav,major
major/MajorChord_97.wav,major
major/MajorChord_98.wav,major
major/MajorChord_99.wav,major
major/MajorChord_100.wav,major
major/MajorChord_101.wav,major
major/MajorChord_102.wav,major
major/MajorChord_103.wav,major
major/MajorChord_104.wav,major
major/MajorChord_105.wav,major
major/MajorChord_106.wav,major
major/MajorChord_107.wav,major
major/MajorChord_108.wav,major
major/MajorChord_109.wav,major
major/MajorChord_110.wav,major
major/MajorChord_111.wav,major
major/MajorChord_112.wav,major
major/MajorChord_113.wav,major
major/MajorChord_114.wav,major
major/MajorChord_115.wav,major
major/MajorChord_116.wav,major
major/MajorChord_117.wav,major
major/MajorChord_118.wav,major
major/MajorChord_119.wav,major
major/MajorChord_120.wav,major
major/MajorChord_121.wav,major
major/MajorChord_122.wav,major
major/MajorChord_123.wav,major
major/MajorChord_124.wav,major
major/MajorChord_125.wav,major
major/MajorChord_126.wav,major
major/MajorChord_127.wav,major
major/MajorChord_128.wav,major
major/MajorChord_129.wav,major
major/MajorChord_130.wav,major
major/MajorChord_131.wav,major
major/MajorChord_132.wav,major
major/MajorChord_133.wav,major
major/MajorChord_134.wav,major
major/MajorChord_135.wav,major
major/MajorChord_136.wav,major
major/MajorChord_137.wav,major
major/MajorChord_138.wav,major
major/MajorChord_139.wav,major
major/MajorChord_140.wav,major
major/MajorChord_141.wav,major
major/MajorChord_142.wav,major
major/MajorChord_143.wav,major
major/MajorChord_144.wav,major
major/MajorChord_145.wav,major
major/MajorChord_146.wav,major
major/MajorChord_147.wav,major
major/MajorChord_148.wav,major
major/MajorChord_149.wav,major
major/MajorChord_150.wav,major
major/MajorChord_151.wav,major
major/MajorChord_152.wav,major
major/MajorChord_153.wav,major
major/MajorChord_154.wav,major
major/MajorChord_155.wav,major
major/MajorChord_156.wav,major
major/MajorChord_157.wav,major
major/MajorChord_158.wav,major
major/MajorChord_159.wav,major
major/MajorChord_160.wav,major
major/MajorChord_161.wav,major
major/MajorChord_162.wav,major
major/MajorChord_163.wav,major
major/MajorChord_164.wav,major
major/MajorChord_165.wav,major
major/MajorChord_166.wav,major
major/MajorChord_167.wav,major
major/MajorChord_168.wav,major
major/MajorChord_169.wav,major
major/MajorChord_170.wav,major
major/MajorChord_171.wav,major
major/MajorChord_172.wav,major
major/MajorChord_173.wav,major
major/MajorChord_174.wav,major
major/MajorChord_175.wav,major
major/MajorChord_176.wav,major
major/MajorChord_177.wav,major
major/MajorChord_178.wav,major
major/MajorChord_179.wav,major
major/MajorChord_180.wav,major
major/MajorChord_181.wav,major
major/MajorChord_182.wav,major
major/MajorChord_183.wav,major
major/MajorChord_184.wav,major
major/MajorChord_185.wav,major
major/MajorChord_186.wav,major
major/MajorChord_187.wav,major
major/MajorChord_188.wav,major
major/MajorChord_189.wav,major
major/MajorChord_190.wav,major
major/MajorChord_191.wav,major
major/MajorChord_192.wav,major
major/MajorChord_193.wav,major
major/MajorChord_194.wav,major
major/MajorChord_195.wav,major
major/MajorChord_196.wav,major
major/MajorChord_197.wav,major
major/MajorChord_198.wav,major
major/MajorChord_199.wav,major
minor/MinorChord_0.wav,minor
minor/MinorChord_1.wav,minor
minor/MinorChord_2.wav,minor
minor/MinorChord_3.wav,minor
minor/MinorChord_4.wav,minor
minor/MinorChord_5.wav,minor
minor/MinorChord_6.wav,minor
minor/MinorChord_7.wav,minor
minor/MinorChord_8.wav,minor
minor/MinorChord_9.wav,minor
minor/MinorChord_10.wav,minor
minor/MinorChord_11.wav,minor
minor/MinorChord_12.wav,minor
minor/MinorChord_13.wav,minor
minor/MinorChord_14.wav,minor
minor/MinorChord_15.wav,minor
minor/MinorChord_16.wav,minor
minor/MinorChord_17.wav,minor
minor/MinorChord_18.wav,minor
minor/MinorChord_19.wav,minor
minor/MinorChord_20.wav,minor
minor/MinorChord_21.wav,minor
minor/MinorChord_22.wav,minor
minor/MinorChord_23.wav,minor
minor/MinorChord_24.wav,minor
minor/MinorChord_25.wav,minor
minor/MinorChord_26.wav,minor
minor/MinorChord_27.wav,minor
minor/MinorChord_28.wav,minor
minor/MinorChord_29.wav,minor
minor/MinorChord_30.wav,minor
minor/MinorChord_31.wav,minor
minor/MinorChord_32.wav,minor
minor/MinorChord_33.wav,minor
minor/MinorChord_34.wav,minor
minor/MinorChord_35.wav,minor
minor/MinorChord_36.wav,minor
minor/MinorChord_37.wav,minor
minor/MinorChord_38.wav,minor
minor/MinorChord_39.wav,minor
minor/MinorChord_40.wav,minor
minor/MinorChord_41.wav,minor
minor/MinorChord_42.wav,minor
minor/MinorChord_43.wav,minor
minor/MinorChord_44.wav,minor
minor/MinorChord_45.wav,minor
minor/MinorChord_46.wav,minor
minor/MinorChord_47.wav,minor
minor/MinorChord_48.wav,minor
minor/MinorChord_49.wav,minor
minor/MinorChord_50.wav,minor
minor/MinorChord_51.wav,minor
minor/MinorChord_52.wav,minor
minor/MinorChord_53.wav,minor
minor/MinorChord_54.wav,minor
minor/MinorChord_55.wav,minor
minor/MinorChord_56.wav,minor
minor/MinorChord_57.wav,minor
minor/MinorChord_58.wav,minor
minor/MinorChord_59.wav,minor
minor/MinorChord_60.wav,minor
minor/MinorChord_61.wav,minor
minor/MinorChord_62.wav,minor
minor/MinorChord_63.wav,minor
minor/MinorChord_64.wav,minor
minor/MinorChord_65.wav,minor
minor/MinorChord_66.wav,minor
minor/MinorChord_67.wav,minor
minor/MinorChord_68.wav,minor
minor/MinorChord_69.wav,minor
minor/MinorChord_70.wav,minor
minor/MinorChord_71.wav,minor
minor/MinorChord_72.wav,minor
minor/MinorChord_73.wav,minor
minor/MinorChord_74.wav,minor
minor/MinorChord_75.wav,minor
minor/MinorChord_76.wav,minor
minor/MinorChord_77.wav,minor
minor/MinorChord_78.wav,minor
minor/MinorChord_79.wav,minor
minor/MinorChord_80.wav,minor
minor/MinorChord_81.wav,minor
minor/MinorChord_82.wav,minor
minor/MinorChord_83.wav,minor
minor/MinorChord_84.wav,minor
minor/MinorChord_85.wav,minor
minor/MinorChord_86.wav,minor
minor/MinorChord_87.wav,minor
minor/MinorChord_88.wav,minor
minor/MinorChord_89.wav,minor
minor/MinorChord_90.wav,minor
minor/MinorChord_91.wav,minor
minor/MinorChord_92.wav,minor
minor/MinorChord_93.wav,minor
minor/MinorChord_94.wav,minor
minor/MinorChord_95.wav,minor
minor/MinorChord_96.wav,minor
minor/MinorChord_97.wav,minor
minor/MinorChord_98.wav,minor
minor/MinorChord_99.wav,minor
minor/MinorChord_100.wav,minor
minor/MinorChord_101.wav,minor
minor/MinorChord_102.wav,minor
minor/MinorChord_103.wav,minor
minor/MinorChord_104.wav,minor
minor/MinorChord_105.wav,minor
minor/MinorChord_106.wav,minor
minor/MinorChord_107.wav,minor
minor/MinorChord_108.wav,minor
minor/MinorChord_109.wav,minor
minor/MinorChord_110.wav,minor
minor/MinorChord_111.wav,minor
minor/MinorChord_112.wav,minor
minor/MinorChord_113.wav,minor
minor/MinorChord_114.wav,minor
minor/MinorChord_115.wav,minor
minor/MinorChord_116.wav,minor
minor/MinorChord_117.wav,minor
minor/MinorChord_118.wav,minor
minor/MinorChord_119.wav,minor
minor/MinorChord_120.wav,minor
minor/MinorChord_121.wav,minor
minor/MinorChord_122.wav,minor
minor/MinorChord_123.wav,minor
minor/MinorChord_124.wav,minor
minor/MinorChord_125.wav,minor
minor/MinorChord_126.wav,minor
minor/MinorChord_127.wav,minor
minor/MinorChord_128.wav,minor
minor/MinorChord_129.wav,minor
minor/MinorChord_130.wav,minor
minor/MinorChord_131.wav,minor
minor/MinorChord_132.wav,minor
minor/MinorChord_133.wav,minor
minor/MinorChord_134.wav,minor
minor/MinorChord_135.wav,minor
minor/MinorChord_136.wav,minor
minor/MinorChord_137.wav,minor
minor/MinorChord_138.wav,minor
minor/MinorChord_139.wav,minor
minor/MinorChord_140.wav,minor
minor/MinorChord_141.wav,minor
minor/MinorChord_142.wav,minor
minor/MinorChord_143.wav,minor
minor/MinorChord_144.wav,minor
minor/MinorChord_145.wav,minor
minor/MinorChord_146.wav,minor
minor/MinorChord_147.wav,minor
minor/MinorChord_148.wav,minor
minor/MinorChord_149.wav,minor
minor/MinorChord_150.wav,minor
minor/MinorChord_151.wav,minor
minor/MinorChord_152.wav,minor
minor/MinorChord_153.wav,minor
minor/MinorChord_154.wav,minor
minor/MinorChord_155.wav,minor
minor/MinorChord_156.wav,minor
minor/MinorChord_157.wav,minor
minor/MinorChord_158.wav,minor
minor/MinorChord_159.wav,minor
minor/MinorChord_160.wav,minor
minor/MinorChord_161.wav,minor
minor/MinorChord_162.wav,minor
minor/MinorChord_163.wav,minor
minor/MinorChord_164.wav,minor
minor/MinorChord_165.wav,minor
minor/MinorChord_166.wav,minor
minor/MinorChord_167.wav,minor
minor/MinorChord_168.wav,minor
minor/MinorChord_169.wav,minor
minor/MinorChord_170.wav,minor
minor/MinorChord_171.wav,minor
minor/MinorChord_172.wav,minor
minor/MinorChord_173.wav,minor
minor/MinorChord_174.wav,minor
minor/MinorChord_175.wav,minor
minor/MinorChord_176.wav,minor
minor/MinorChord_177.wav,minor
minor/MinorChord_178.wav,minor
minor/MinorChord_179.wav,minor
minor/MinorChord_180.wav,minor
minor/MinorChord_181.wav,minor
minor/MinorChord_182.wav,minor
minor/MinorChord_183.wav,minor
minor/MinorChord_184.wav,minor
minor/MinorChord_185.wav,minor
minor/MinorChord_186.wav,minor
minor/MinorChord_187.wav,minor
minor/MinorChord_188.wav,minor
minor/MinorChord_189.wav,minor
minor/MinorChord_190.wav,minor
minor/MinorChord_191.wav,minor
minor/MinorChord_192.wav,minor
minor/MinorChord_193.wav,minor
minor/MinorChord_194.wav,minor
minor/MinorChord_195.wav,minor
minor/MinorChord_196.wav,minor
minor/MinorChord_197.wav,minor
minor/MinorChord_198.wav,minor
minor/MinorChord_199.wav,minor
